epoch,train_loss,val_loss,train_macro_dice,val_macro_dice,lr,val_atelectasis_dice,val_atelectasis_iou,val_atelectasis_precision,val_atelectasis_recall,val_cavitation_dice,val_cavitation_iou,val_cavitation_precision,val_cavitation_recall,val_infiltrate_dice,val_infiltrate_iou,val_infiltrate_precision,val_infiltrate_recall,val_lymphadenopathy_dice,val_lymphadenopathy_iou,val_lymphadenopathy_precision,val_lymphadenopathy_recall,val_pleural_effusion_dice,val_pleural_effusion_iou,val_pleural_effusion_precision,val_pleural_effusion_recall,val_pneumothorax_dice,val_pneumothorax_iou,val_pneumothorax_precision,val_pneumothorax_recall,val_tb_lesion_dice,val_tb_lesion_iou,val_tb_lesion_precision,val_tb_lesion_recall,val_macro_iou
8,0.4643330212335657,0.34407966821403296,0.46888266155829994,0.3842296350587998,8.394857415900917e-05,0.21656586023628366,0.12143193596640689,0.20462832098134806,0.22998250344004065,0.19118922939777344,0.10569885628306018,0.1447125210892536,0.281643473178412,0.603416680395799,0.432066366486016,0.6021739749191912,0.6046645256187267,0.08719518728259772,0.045584990015910605,0.1444055973971832,0.06245274601171519,0.6323243606370732,0.46233503210803273,0.5550551278455639,0.7345861032473346,0.3659748916245681,0.22397140030801668,0.24436886395855634,0.7285011590945325,0.5929412358375032,0.4214047422491787,0.6804302641732939,0.5253874537064555,0.25892761763094596
9,0.46227875986677325,0.3412627224083785,0.5416055005555219,0.39851856057345064,8.171962023661936e-05,0.20249986356270355,0.11265638287196202,0.16739611066614793,0.25623316531665213,0.191105083098549,0.10564742132457974,0.15338337297118929,0.253431790917891,0.6140505398817441,0.4430540633349537,0.590497515036666,0.6395605287300995,0.13797328793939742,0.07409844736593031,0.09451594902377396,0.2554060195744654,0.6299310903592389,0.45978058908416475,0.601376019254236,0.6613330967552922,0.37088132712235977,0.22765764909779668,0.27190446487536096,0.5831590057512751,0.6431887320501624,0.4740443621352165,0.6228028608308872,0.6649543244720022,0.27099127360208625
10,0.46068959897265527,0.34142020639482434,0.4846166616193865,0.37218145467935504,7.927570104476891e-05,0.21540312172611112,0.1207012767788912,0.16300913572430908,0.31743099205070385,0.16651400944913827,0.09081826123614842,0.11072588733423105,0.3356054157572608,0.6178828531414688,0.44705534154350474,0.5698794786169415,0.6747171511280584,0.11726384400762874,0.06228373742980807,0.08023625169653076,0.21775291211590367,0.601193369484361,0.4297901914177833,0.5973766266819941,0.6050591975656092,0.22545619923279694,0.12705023070179336,0.15531899749677308,0.41109289319630365,0.6615567857139805,0.49427333087845576,0.6322527857320934,0.6937092014701155,0.25313890999805494
11,0.45924006052170513,0.34198684204410723,0.5091468411960354,0.3549841317866255,7.663188415796122e-05,0.13024906576156323,0.06966118502035544,0.08082808506953224,0.3352038584999423,0.11152236074235215,0.05905410715177079,0.06444998464877044,0.4136135573098423,0.6087018765962704,0.43750643112177745,0.5677426775572465,0.6560305084461314,0.18760598150624094,0.10351280126583619,0.12588569996075216,0.36806290735209,0.6198043133045492,0.44906988138027487,0.6037206477578471,0.6367684009683892,0.17333086920754928,0.0948890340016391,0.12676584471670044,0.2739676976924732,0.6536744553878536,0.48552481085014976,0.5871424314419771,0.7372115570186748,0.2427454643988291
12,0.45798952922434594,0.34139239640681296,0.5494297534957097,0.4296618488455647,7.380446958646174e-05,0.2138454648967312,0.1197239436548274,0.1943225175506884,0.2377293552019172,0.2609714932197245,0.15006740407114189,0.2585229918638895,0.2634668188360629,0.6250142200079137,0.4545604973543869,0.575715161044511,0.6835470284910773,0.2445358708893444,0.13929983950541977,0.2126803095016434,0.2876153042679339,0.6705248707990455,0.5043530759415386,0.6641025061174864,0.677072666571047,0.34084167895983314,0.20543047319486923,0.2256535548970405,0.696255253444855,0.6518993431463604,0.4835687452826199,0.650118889371453,0.6536895758169862,0.29385771128640054
13,0.4560163041248628,0.3424985433345313,0.6334174401145592,0.4000074642864783,7.081088928131456e-05,0.25412756644329787,0.14555906925164364,0.19613192261354478,0.36082141956391894,0.12047724049615759,0.06409991051677824,0.07806066742905059,0.2638454991348618,0.6138549805281306,0.44285047517072323,0.5739439368627262,0.6597315421493543,0.16078763801239238,0.08742200826452709,0.10248950621233968,0.3729018609210618,0.6271461371674898,0.4568192974849963,0.5685621414541882,0.6991898647651109,0.39442549712751196,0.24566004035099512,0.26082516220200336,0.8086164980289448,0.6292331902303684,0.459037369265909,0.6546336104171879,0.6057302672806265,0.2716354529007961
14,0.4548820817702102,0.34123616755663694,0.6445575971416628,0.40337353303238677,6.766959966056737e-05,0.2543335738125283,0.1456942575166832,0.23584413799575799,0.27596864428505835,0.2181331296028565,0.1224183094497753,0.18302625718493534,0.26990438391564486,0.6057466516446561,0.4344595280045124,0.5585579505509315,0.6616444157627869,0.20285597747741493,0.11287686200831963,0.13890596237419348,0.37592620690166917,0.6368173462487954,0.4671548192735871,0.5933383132480977,0.6871724160069893,0.23191523153759042,0.13116748457823366,0.1879365006038843,0.3027647425976207,0.6738128209028655,0.5080827439187765,0.6332421577096885,0.7199379226961043,0.2745505721071268
15,0.4098072402773092,0.1459936776658635,0.5429947996702933,0.26411034744591394,6.439996781931687e-05,0.02666056653565172,0.01351038049249076,0.13787911425151694,0.014757004453878205,1.0118589872291397e-10,1.0118589872291397e-10,1.1329519060632242e-10,9.467007469973487e-10,0.46713417493765974,0.3047456387250912,0.5768450550334516,0.3924866497582727,0.10920289102309264,0.057754949814889815,0.25191257239392034,0.06971117636517288,0.5417312905605316,0.3714893469602656,0.5990822874207837,0.49440153095413103,0.18794324324331077,0.10371818796021587,0.13188509389489605,0.3268879215757547,0.516100265719965,0.34779995831361854,0.5734598315144769,0.46917195744163875,0.1712883517668225
16,0.1773378060742644,0.09081146280339239,0.31843387265362555,0.3084370793862637,6.102215212512728e-05,0.011868896498910377,0.005969876199066214,0.4802207935592419,0.006008702315652053,9.467007469973487e-10,9.467007469973487e-10,1.0,9.467007469973487e-10,0.5782519939733277,0.40671904692164584,0.5760891601138145,0.5804311290559518,1.5121729903036853e-09,1.5121729903036853e-09,1.0,1.5121729903036853e-09,0.58745855807992,0.41588766222883355,0.632351726024994,0.5485171412569075,0.44334631398930135,0.2848072875949064,0.3443506920864475,0.6222272479557063,0.5381337907035125,0.3681142551114618,0.6341591524529645,0.46736470300941557,0.21164259007354108
17,0.09871622196843928,0.07940789728149117,0.3309902209956589,0.30217379178502185,5.755697793499099e-05,5.75546193304352e-11,5.75546193304352e-11,1.0,5.75546193304352e-11,9.467007469973487e-10,9.467007469973487e-10,1.0,9.467007469973487e-10,0.5559197405161695,0.3849645730323559,0.4541162901401029,0.716556939418774,1.5121729903036853e-09,1.5121729903036853e-09,1.0,1.5121729903036853e-09,0.5719646216816884,0.4005255264448771,0.4665058955576281,0.7390304942274091,0.39034015452552706,0.24249853511847447,0.27397385367814897,0.6785397938827878,0.5969920232553394,0.42550864510684533,0.5965963837064873,0.5973881879027214,0.20764246888842589
18,0.0861775040514691,0.08011479071604079,0.32902638776140497,0.2500355175384964,5.402580920007753e-05,5.75546193304352e-11,5.75546193304352e-11,1.0,5.75546193304352e-11,9.467007469973487e-10,9.467007469973487e-10,1.0,9.467007469973487e-10,0.5317643893511048,0.3621791935127545,0.39585801319872654,0.8097782997273496,1.5121729903036853e-09,1.5121729903036853e-09,1.0,1.5121729903036853e-09,0.5256791497086745,0.35655681706323133,0.40994685644110407,0.7324603941973182,0.11932278354017627,0.0634467109061838,0.18768198027026772,0.08746537021777474,0.573482297653091,0.4020155492726715,0.5114161228926184,0.6526941739617382,0.16917118189589564
